类别,故事名字
动物冒险类,《小兔子丢了那颗红纽扣》
,《小熊把月亮饼干藏起来了》
,《小狐狸收到一封没有名字的信》
,《小猪不小心坐上了气球车》
,《小鸭子在雨天找到一把小黄伞》
,《小猫咪追着毛线球跑进了森林》
,《小刺猬背上的苹果不见了》
,《小松鼠的松果仓库被打开了》
,《小鹿第一次独自去送花》
,《小猴子把香蕉船开到了河中央》
,《小羊羔听见山坡后面的哭声》
,《小狗豆豆守着一只不会飞的小鸟》
,《小熊猫把竹叶地图拿反了》
,《小老鼠搬家搬进了茶壶里》
,《小青蛙想把池塘里的星星捞起来》
,《小乌龟背着一座小房子去旅行》
,《小企鹅第一次看见下雨》
,《小海豚帮迷路的小船找妈妈》
,《小狮子不敢大声吼》
,《小斑马身上的条纹跑丢了》
,《小象的长鼻子打了一个大喷嚏》
,《小河马想参加森林跳舞比赛》
,《小兔子和一只不会笑的胡萝卜》
,《小狐狸把影子弄丢了》
,《小熊和住在树洞里的小闹钟》
睡前奇遇类,《小兔子跟着月光去了云朵城》
,《小熊的枕头里开出一朵梦花》
,《星星掉进了小猫的水碗里》
,《月亮邮递员送错了一封晚安信》
,《小男孩的被子变成了一艘小船》
,《小女孩在梦里捡到一颗蓝色星星》
,《云朵妈妈丢了她的小雨滴》
,《小熊睡不着，决定去找瞌睡虫》
,《小兔子的床底下住着一只小月亮》
,《小猫咪把晚安铃摇醒了》
,《星星排队去参加梦乡音乐会》
,《小枕头想知道梦是什么味道》
,《萤火虫带小松鼠去找黑夜的开关》
,《小熊的影子比他先睡着了》
,《晚风把小兔子的故事书吹走了》
,《小鸭子的梦被一阵雨声吵醒了》
,《月亮把一颗星星借给了怕黑的小鹿》
,《小狐狸在梦里开了一家云朵面包店》
,《小熊数到第十颗星星时发生了怪事》
,《小猫咪跟着呼噜声找到了梦乡门》
好习惯成长类,《小鳄鱼不刷牙，牙齿开了小会议》
,《小兔子的玩具半夜偷偷排队回家》
,《小熊只吃蜂蜜，肚子开始咕噜抗议》
,《小猪把袜子穿成了手套》
,《小猴子插队买香蕉，结果买到了空篮子》
,《小猫不洗手，饼干上出现了小泥点》
,《小狐狸总说“等一下”，结果错过了风筝比赛》
,《小鸭子吃饭太快，把米粒吓跑了》
,《小羊忘了说谢谢，花园里的花都低下头》
,《小狗睡太晚，早上的太阳不等它了》
,《小熊不收拾书包，彩笔躲进了鞋子里》
,《小刺猬说话太大声，把云朵吓哭了》
,《小兔子学会把“我不要”说清楚》
,《小猪第一次自己洗小手帕》
,《小熊把餐具送回厨房的那一天》
,《小狐狸学会排队等秋千》
,《小猫咪不想午睡，结果打了十个哈欠》
,《小猴子乱扔果皮，差点滑倒自己》
,《小兔子把闹钟藏起来了》
,《小熊学会了慢慢说话》
情绪管理类,《小刺猬一生气，背上的刺全竖起来了》
,《小熊输了比赛，躲进了大树后面》
,《小兔子怕黑，却想救回自己的小熊玩偶》
,《小狐狸第一次去幼儿园，口袋里装着妈妈的手帕》
,《小猫弄丢了红球，哭得像一朵小雨云》
,《小鸭子不敢唱歌，却被风听见了》
,《小猪不想分享那盒彩色蜡笔》
,《小松鼠等蛋糕时，尾巴急得转圈圈》
,《小鹿想说“不可以”，声音却小得像蚊子》
,《小熊上台前，肚子里住进了小鼓》
,《小猫头上的坏心情云朵》
,《小兔子说不出“对不起”》
,《小狐狸嫉妒会画星星的小羊》
,《小狗豆豆以为大家不喜欢它了》
,《小象害怕自己的喷嚏太大声》
,《小乌龟走得慢，被朋友落在了后面》
,《小猴子生气地把积木城推倒了》
,《小羊不敢睡幼儿园的小床》
,《小熊想妈妈，偷偷坐上了回家的巴士》
,《小兔子的眼泪装满了小水杯》
情绪管理类,《小猴子闯红灯，差点撞上西瓜车》
,《小熊把手伸向了会发烫的水杯》
,《小兔子差点跟陌生狐狸去糖果屋》
,《小鸭子在公园里找不到妈妈了》
,《小猫把药片当成了彩虹糖》
,《小狗坐车不系安全带，飞到了座位下面》
,《小狐狸偷偷拿起了亮闪闪的剪刀》
,《小羊跳着下楼梯，摔疼了小膝盖》
,《小松鼠爬上高柜子去拿饼干》
,《小鸭子一个人跑到了池塘边》
,《小猪听见消防车，学会了怎么躲危险》
,《小兔子在超市里和妈妈走散了》
,《小猫摸到了厨房里的热锅边》
,《小熊把小珠子塞进了鼻子里》
,《小猴子在阳台上追蝴蝶》
生活常见科普类,《小熊的冰块为什么不见了》
,《小兔子的影子怎么跟着跑》
,《小猫的彩虹泡泡飞起来了》
,《小猪的热汤为什么会冒白气》
,《小鸭子的雨衣为什么不怕水》
,《小猴子的香蕉为什么变黑了》
,《小鹿的杯子里为什么有小水珠》
,《小狐狸的风车为什么会转》
,《小熊的面包为什么鼓起来了》
,《小兔子的种子为什么发芽了》
,《小猫的气球为什么飞上天》
,《小猪的牙齿为什么要刷干净》
,《小狗闻一闻就找到了回家的路》
,《小鸭子的脚像两只小船桨》
,《小松鼠把松果藏到哪里去了》
,《小猫的眼睛晚上亮晶晶》
,《小熊的毛衣长出了小毛球》
,《小兔子在山洞里听见另一个自己》
,《小猴子的纸飞机飞过了小河》
,《小鹿闻着花香找到了春天》